loc_ids,obs_rate
1,0.34619059002741265
5,0.2924553111259688
9,0.23349952322650824
3,0.22869951155775772
11,0.2275350961366704
59,0.2272861006114313
168,0.22036908768776864
2,0.2179918001804349
246,0.21418828460819547
7,0.21299931136256536
21,0.2073087764311591
111,0.2058830997871086
27,0.2041335392573203
173,0.20110570691266813
52,0.19982463101120107
87,0.19460423891827172
25,0.1922043231354203
23,0.18558164899278945
13,0.18536032907996863
71,0.1841848400387221
